﻿Designator,Footprint,Quantity,Value,LCSC Part #
C1,C_Elec_10x10.2,1,330u,
C2,0805,1,3.3n,
C3,CP_Elec_6.3x5.8,1,180u,
"D1, D10, D11, D3, D4, D5, D6, D7, D8, D9",D_SOD-123F,10,SM4007PL,
D2,D_SOD-123,1,SK34,
DZ1,D_SOD-323_HandSoldering,1,BZT52-C5V6,
"F1, F10, F11, F3, F4, F5, F6, F7, F8, F9",1812,10,SMD1812P030TF,
F2,1812,1,SMD1812P075TF/33,
"H1, H10, H2, H3, H4, H5, H6, H7, H8, H9",MountingHole_3.5mm,10,solenoid_hole,
"H11, H12",MountingHole_4.5mm,2,4.5mm,
"J10, J11, J12, J13, J14, J15, J16, J17, J18, J19, J2, J20, J21, J3, J4, J5, J6, J7, J8, J9",TE_1217080-1,20,1217080-1,
J22,TE_T4140012121-000,1,M12-P12A-GPBM12,
L1,L_Bourns_SRP7028A_7.3x6.6mm,1,68u,
"LED1, LED2",0603,2,KT-0603R,
"LED10, LED11, LED12, LED3, LED4, LED5, LED6, LED7, LED8, LED9",0201,10,KT-0603R,
"Q1, Q10, Q11, Q3, Q4, Q5, Q6, Q7, Q8, Q9",SO-8_3.9x4.9mm_P1.27mm,10,AO4486,
Q2,SOT-223-3_TabPin2,1,BT148W-600R,
"R1, R11, R13, R15, R17, R19, R2, R21, R23, R4, R7, R9",0805,12,1k2,
"R10, R12, R14, R16, R18, R20, R22, R3, R6, R8",0805,10,4k7,
R5,0805,1,1k,
"S1, S10, S2, S3, S4, S5, S6, S7, S8, S9",Switch_Tactile_THT_B3F-1xxx,10,B3F-1000,B3F-1000
TP1,TestPoint_Pad_1.0x1.0mm,1,+24v,
TP10,TestPoint_Pad_1.0x1.0mm,1,CH8,
TP11,TestPoint_Pad_1.0x1.0mm,1,CH9,
TP12,TestPoint_Pad_1.0x1.0mm,1,CH10,
TP2,TestPoint_Pad_1.0x1.0mm,1,VGATE,
TP3,TestPoint_Pad_1.0x1.0mm,1,CH1,
TP4,TestPoint_Pad_1.0x1.0mm,1,CH2,
TP5,TestPoint_Pad_1.0x1.0mm,1,CH3,
TP6,TestPoint_Pad_1.0x1.0mm,1,CH4,
TP7,TestPoint_Pad_1.0x1.0mm,1,CH5,
TP8,TestPoint_Pad_1.0x1.0mm,1,CH6,
TP9,TestPoint_Pad_1.0x1.0mm,1,CH7,
U1,SOIC-8_3.9x4.9mm_P1.27mm,1,XL1509-5.0,
