﻿Designator,Quantity,Value,Footprint,Package,MPN,DNP,Mount_Type,Description,JLCPCB,PARTREV,STANDARD,MANUFACTURER,MAXIMUM_PACKAGE_HEIGHT,Indicator,Rating,Digi-Key_PN,Category,Family,DK_Datasheet_Link,DK_Detail_Page,Description_1,Manufacturer,Status
C1,1,330u,C_Elec_10x10.2,,,,smt,Polarized capacitor,C19606,,,,,,,,,,,,,,
C2,1,3.3n,C_0805_2012Metric_Pad1.18x1.45mm_HandSolder,,,,smt,Unpolarized capacitor,C1738,,,,,,,,,,,,,,
C3,1,180u,CP_Elec_6.3x5.8,,,,smt,Polarized capacitor,C2943990,,,,,,,,,,,,,,
"D1, D10, D11, D3, D4, D5, D6, D7, D8, D9",10,SM4007PL,D_SOD-123F,,,,smt,"SOD-123F Diode, Rectifier, 1000V, 1A, Alternate KiCad Library",C64898,,,,,,,,,,,,,,
D2,1,SK34,D_SOD-123,,,,smt,"SMC Schottky diode, 40V, 3A, Alternate KiCAD Library",C908230,,,,,,,,,,,,,,
DZ1,1,BZT52-C5V6,D_SOD-323_HandSoldering,,,,smt,"SOD-123 Zener diode, 5.6V, 500mW, Alternate KiCAD Library",C313486,,,,,,,,,,,,,,
"F1, F10, F11, F3, F4, F5, F6, F7, F8, F9",10,SMD1812P030TF,Fuse_1812_4532Metric_Pad1.30x3.40mm_HandSolder,,,,smt,"Resettable fuse, polymeric positive temperature coefficient",C20995,,,,,,,,,,,,,,
F2,1,SMD1812P075TF/33,Fuse_1812_4532Metric_Pad1.30x3.40mm_HandSolder,,,,smt,"Resettable fuse, polymeric positive temperature coefficient",C20997,,,,,,,,,,,,,,
"H1, H10, H2, H3, H4, H5, H6, H7, H8, H9",10,solenoid_hole,MountingHole_3.5mm,,,,tht,Mounting Hole without connection,,,,,,,,,,,,,,,
"H11, H12",2,4.5mm,MountingHole_4.5mm,,,,tht,Mounting Hole without connection,,,,,,,,,,,,,,,
J10,1,1217080-1,TE_1217080-1,,,Yes,tht,,,B1,MANUFACTURER RECOMMENDATIONS,TE Connectivity,,,,,,,,,,,
J11,1,1217080-1,TE_1217080-1,,,Yes,tht,,,B1,MANUFACTURER RECOMMENDATIONS,TE Connectivity,,,,,,,,,,,
J12,1,1217080-1,TE_1217080-1,,,Yes,tht,,,B1,MANUFACTURER RECOMMENDATIONS,TE Connectivity,,,,,,,,,,,
J13,1,1217080-1,TE_1217080-1,,,Yes,tht,,,B1,MANUFACTURER RECOMMENDATIONS,TE Connectivity,,,,,,,,,,,
J14,1,1217080-1,TE_1217080-1,,,Yes,tht,,,B1,MANUFACTURER RECOMMENDATIONS,TE Connectivity,,,,,,,,,,,
J15,1,1217080-1,TE_1217080-1,,,Yes,tht,,,B1,MANUFACTURER RECOMMENDATIONS,TE Connectivity,,,,,,,,,,,
J16,1,1217080-1,TE_1217080-1,,,Yes,tht,,,B1,MANUFACTURER RECOMMENDATIONS,TE Connectivity,,,,,,,,,,,
J17,1,1217080-1,TE_1217080-1,,,Yes,tht,,,B1,MANUFACTURER RECOMMENDATIONS,TE Connectivity,,,,,,,,,,,
J18,1,1217080-1,TE_1217080-1,,,Yes,tht,,,B1,MANUFACTURER RECOMMENDATIONS,TE Connectivity,,,,,,,,,,,
J19,1,1217080-1,TE_1217080-1,,,Yes,tht,,,B1,MANUFACTURER RECOMMENDATIONS,TE Connectivity,,,,,,,,,,,
J2,1,1217080-1,TE_1217080-1,,,Yes,tht,,,B1,MANUFACTURER RECOMMENDATIONS,TE Connectivity,,,,,,,,,,,
J20,1,1217080-1,TE_1217080-1,,,Yes,tht,,,B1,MANUFACTURER RECOMMENDATIONS,TE Connectivity,,,,,,,,,,,
J21,1,1217080-1,TE_1217080-1,,,Yes,tht,,,B1,MANUFACTURER RECOMMENDATIONS,TE Connectivity,,,,,,,,,,,
J22,1,M12-P12A-GPBM12,TE_T4140012121-000,,,,tht,,C7423418,B,Manufacturer Recommendations,TE Connectivity,23mm,,,,,,,,,,
J3,1,1217080-1,TE_1217080-1,,,Yes,tht,,,B1,MANUFACTURER RECOMMENDATIONS,TE Connectivity,,,,,,,,,,,
J4,1,1217080-1,TE_1217080-1,,,Yes,tht,,,B1,MANUFACTURER RECOMMENDATIONS,TE Connectivity,,,,,,,,,,,
J5,1,1217080-1,TE_1217080-1,,,Yes,tht,,,B1,MANUFACTURER RECOMMENDATIONS,TE Connectivity,,,,,,,,,,,
J6,1,1217080-1,TE_1217080-1,,,Yes,tht,,,B1,MANUFACTURER RECOMMENDATIONS,TE Connectivity,,,,,,,,,,,
J7,1,1217080-1,TE_1217080-1,,,Yes,tht,,,B1,MANUFACTURER RECOMMENDATIONS,TE Connectivity,,,,,,,,,,,
J8,1,1217080-1,TE_1217080-1,,,Yes,tht,,,B1,MANUFACTURER RECOMMENDATIONS,TE Connectivity,,,,,,,,,,,
J9,1,1217080-1,TE_1217080-1,,,Yes,tht,,,B1,MANUFACTURER RECOMMENDATIONS,TE Connectivity,,,,,,,,,,,
L1,1,68u,L_Bourns_SRP7028A_7.3x6.6mm,,,,smt,Inductor,C2894721,,,,,,,,,,,,,,
"LED1, LED2",2,KT-0603R,LED_0603_1608Metric,,,,smt,"LED, Generic 1.8mm SMD subminiature gull wing, Alternate KiCad Library",C2286,,,,,,,,,,,,,,
"LED10, LED11, LED12, LED3, LED4, LED5, LED6, LED7, LED8, LED9",10,KT-0603R,LED_0201_0603Metric,,,,smt,"LED, Generic 1.8mm SMD subminiature gull wing, Alternate KiCad Library",C2286,,,,,,,,,,,,,,
"Q1, Q10, Q11, Q3, Q4, Q5, Q6, Q7, Q8, Q9",10,AO4486,SO-8_3.9x4.9mm_P1.27mm,,,,smt,"SO-8 N-MOSFET enchancement mode transistor, 100V, 4.2A, 3.1W, Alternate KiCAD Library",C5125950,,,,,,,,,,,,,,
Q2,1,BT148W-600R,SOT-223-3_TabPin2,,,,smt,"SOT-223 Thyristor, Silicon controlled rectifier, 600V, 1A, Alternate KiCAD Library",C256433,,,,,,,,,,,,,,
"R1, R11, R13, R15, R17, R19, R2, R21, R23, R4, R7, R9",12,1k2,R_0805_2012Metric_Pad1.20x1.40mm_HandSolder,,,,smt,resistor,C17379,,,,,+,W,,,,,,,,
"R10, R12, R14, R16, R18, R20, R22, R3, R6, R8",10,4k7,R_0805_2012Metric_Pad1.20x1.40mm_HandSolder,,,,smt,resistor,C17673,,,,,+,W,,,,,,,,
R5,1,1k,R_0805_2012Metric_Pad1.20x1.40mm_HandSolder,,,,smt,resistor,C17513,,,,,+,W,,,,,,,,
"S1, S10, S2, S3, S4, S5, S6, S7, S8, S9",10,B3F-1000,Switch_Tactile_THT_B3F-1xxx,,B3F-1000,,tht,SWITCH TACTILE SPST-NO 0.05A 24V,C93157,,,,,,,SW400-ND,Switches,Tactile Switches,https://omronfs.omron.com/en_US/ecb/products/pdf/en-b3f.pdf,/product-detail/en/omron-electronics-inc-emc-div/B3F-1000/SW400-ND/33150,SWITCH TACTILE SPST-NO 0.05A 24V,Omron Electronics Inc-EMC Div,Active
TP1,1,+24v,TestPoint_Pad_1.0x1.0mm,,,,tht,test point,,,,,,,,,,,,,,,
TP10,1,CH8,TestPoint_Pad_1.0x1.0mm,,,,tht,test point,,,,,,,,,,,,,,,
TP11,1,CH9,TestPoint_Pad_1.0x1.0mm,,,,tht,test point,,,,,,,,,,,,,,,
TP12,1,CH10,TestPoint_Pad_1.0x1.0mm,,,,tht,test point,,,,,,,,,,,,,,,
TP2,1,VGATE,TestPoint_Pad_1.0x1.0mm,,,,tht,test point,,,,,,,,,,,,,,,
TP3,1,CH1,TestPoint_Pad_1.0x1.0mm,,,,tht,test point,,,,,,,,,,,,,,,
TP4,1,CH2,TestPoint_Pad_1.0x1.0mm,,,,tht,test point,,,,,,,,,,,,,,,
TP5,1,CH3,TestPoint_Pad_1.0x1.0mm,,,,tht,test point,,,,,,,,,,,,,,,
TP6,1,CH4,TestPoint_Pad_1.0x1.0mm,,,,tht,test point,,,,,,,,,,,,,,,
TP7,1,CH5,TestPoint_Pad_1.0x1.0mm,,,,tht,test point,,,,,,,,,,,,,,,
TP8,1,CH6,TestPoint_Pad_1.0x1.0mm,,,,tht,test point,,,,,,,,,,,,,,,
TP9,1,CH7,TestPoint_Pad_1.0x1.0mm,,,,tht,test point,,,,,,,,,,,,,,,
U1,1,XL1509-5.0,SOIC-8_3.9x4.9mm_P1.27mm,,,,smt,"Buck DC/DC Converter, 2A, 5V Output Voltage, 7-40V Input Voltage",C2902368,,,,,,,,,,,,,,
